student_id,course_id,rating,job_role,workload
100002,9010,4,,4
100002,9017,5,,7
100002,9039,5,,1
100002,9047,4,,9
100002,9050,4,,5
100002,9052,3,,9
100002,9062,3,,6
100002,9110,4,,5
100003,9060,3,,9
100003,9110,4,,3
100004,9010,4,,4
100004,9034,5,,10
100004,9112,5,,4
100005,9003,4,,8
100005,9039,4,,5
100005,9104,4,,9
100006,9111,4,,2
100007,9001,3,,6
100007,9010,3,,3
100007,9021,3,,5
100007,9031,3,,8
100007,9034,4,,6
100007,9040,4,,5
100007,9104,3,,5
100007,9110,5,,9
100007,9112,4,,7
100008,9032,5,,4
100008,9047,5,,2
100008,9050,5,,8
100008,9110,4,,8
100009,9001,4,,2
100009,9017,4,,3
100009,9026,3,,6
100009,9036,5,,9
100009,9047,3,,4
100010,9050,5,,5
100011,9050,5,,10
100011,9070,1,,5
100013,9001,5,,7
100013,9110,4,,2
100015,9001,2,,7
100015,9002,2,,7
100015,9006,4,,3
100015,9010,3,,6
100015,9017,3,,8
100015,9019,1,,9
100015,9025,3,,3
100015,9032,4,,6
100015,9034,3,,8
100015,9036,1,,10
100015,9044,3,,3
100015,9047,5,,2
100015,9050,5,,6
100015,9062,2,,5
100015,9082,5,,2
100015,9094,3,,2
100015,9101,4,,1
100015,9104,1,,6
100015,9107,2,,1
100015,9110,3,,7
100015,9111,5,,4
100017,9047,5,,10
100017,9050,5,,5
100017,9111,5,,8
100018,9005,3,,3
100018,9006,4,,4
100018,9007,3,,4
100018,9009,3,,9
100018,9014,2,,3
100018,9017,4,,3
100018,9018,3,,6
100018,9025,5,,9
100018,9032,5,,3
100018,9036,3,,7
100018,9052,3,,8
100018,9062,4,,6
100018,9074,2,,2
100018,9076,3,,1
100018,9079,2,,6
100018,9081,3,,1
100018,9085,4,,1
100018,9086,4,,2
100018,9092,3,,7
100018,9095,3,,10
100018,9100,4,,4
100019,9001,3,,6
100019,9002,3,,3
100019,9003,3,,6
100019,9004,3,,4
100019,9006,3,,1
100019,9007,3,,4
100019,9009,3,,8
100019,9010,3,,2
100019,9011,3,,1
100019,9014,5,,7
100019,9016,5,,5
100019,9021,3,,3
100019,9022,3,,9
100019,9023,1,,10
100019,9025,3,,9
100019,9029,3,,1
100019,9032,3,,9
100019,9034,4,,10
100019,9035,3,,10
100019,9036,3,,4
100019,9039,3,,10
100019,9042,3,,10
100019,9045,3,,6
100019,9047,5,,10
100019,9048,3,,3
100019,9050,4,,10
100019,9052,3,,8
100019,9057,3,,3
100019,9058,3,,6
100019,9063,3,,8
100019,9064,2,,3
100019,9070,4,,4
100019,9074,3,,3
100019,9089,3,,10
100019,9094,3,,6
100019,9095,3,,3
100019,9097,4,,4
100019,9101,3,,1
100019,9105,3,,7
100019,9110,3,,7
100019,9111,5,,1
100019,9112,3,,6
100020,9110,2,,9
100021,9010,3,,5
100021,9021,3,,7
100021,9032,4,,3
100021,9034,4,,2
100021,9036,3,,8
100021,9044,3,,1
100021,9047,4,,4
100021,9095,3,,5
100021,9112,4,,9
100022,9044,2,,6
100022,9048,2,,7
100022,9070,3,,3
100023,9001,3,,4
100023,9016,4,,9
100023,9019,2,,1
100023,9032,4,,6
100023,9050,4,,1
100023,9062,4,,9
100023,9089,4,,4
100023,9111,5,,3
100024,9006,5,,5
100024,9036,3,,1
100024,9081,4,,5
100024,9095,3,,6
100025,9003,3,,1
100025,9032,4,,3
100025,9078,3,,7
100025,9104,4,,7
100026,9001,5,,3
100027,9050,4,,8
100027,9073,5,,3
100027,9111,4,,2
100028,9021,5,,9
100028,9058,5,,1
100028,9110,4,,10
100030,9001,4,,9
100030,9002,2,,10
100030,9006,4,,10
100030,9008,4,,8
100030,9011,4,,3
100030,9014,4,,1
100030,9016,5,,6
100030,9018,2,,6
100030,9021,5,,5
100030,9023,4,,10
100030,9025,4,,2
100030,9032,2,,3
100030,9034,4,,8
100030,9042,3,,10
100030,9045,3,,8
100030,9047,4,,8
100030,9050,5,,6
100030,9052,5,,1
100030,9060,2,,10
100030,9070,4,,6
100030,9078,2,,2
100030,9100,4,,7
100030,9110,5,,1
100030,9111,4,,7
100031,9031,4,,3
100032,9002,4,,4
100032,9019,3,,5
100032,9031,4,,4
100032,9044,3,,4
100032,9110,5,,6
100033,9019,3,,3
100033,9088,3,,3
100034,9006,3,,2
100034,9021,4,,9
100034,9032,5,,8
100034,9039,3,,2
100034,9047,5,,7
100034,9050,5,,10
100034,9070,4,,1
100034,9110,4,,3
100036,9006,3,,8
100036,9016,3,,10
100036,9018,4,,3
100036,9021,3,,5
100036,9025,4,,6
100036,9031,3,,2
100036,9032,5,,4
100036,9036,4,,6
100036,9041,3,,10
100036,9045,4,,10
100036,9050,4,,5
100036,9052,3,,4
100036,9055,4,,7
100036,9057,4,,2
100036,9058,5,,6
100036,9068,4,,6
100036,9111,4,,8
100037,9001,4,,4
100038,9047,4,,3
100038,9110,4,,7
100039,9006,4,,5
100039,9010,5,,5
100039,9016,5,,6
100039,9021,3,,5
100039,9022,4,,4
100039,9031,3,,3
100039,9047,4,,6
100039,9050,3,,1
100039,9069,3,,8
100039,9070,5,,7
100039,9073,3,,8
100039,9076,3,,10
100039,9110,5,,8
100041,9029,4,,10
100041,9110,4,,9
100042,9110,4,,4
100043,9001,4,,4
100043,9034,4,,4
100043,9039,4,,5
100043,9070,2,,7
100043,9104,2,,6
100043,9110,5,,5
100044,9001,4,,9
100044,9003,5,,9
100044,9005,3,,1
100044,9006,3,,5
100044,9017,2,,1
100044,9025,3,,4
100044,9032,3,,4
100044,9062,5,,3
100044,9095,3,,9
100044,9104,4,,2
100046,9073,5,,10
100047,9001,5,,8
100047,9002,5,,7
100047,9010,4,,2
100047,9032,4,,4
100047,9039,3,,1
100047,9050,4,,10
100047,9095,3,,3
100047,9110,5,,6
100048,9001,4,,4
100048,9034,3,,8
100048,9110,4,,4
100048,9111,3,,5
100049,9002,5,,4
100049,9060,3,,9
100050,9010,4,,9
100050,9021,3,,5
100050,9039,2,,10
100050,9047,3,,7
100050,9095,3,,2
100050,9110,4,,5
100053,9111,4,,1
100055,9001,3,,2
100055,9005,3,,10
100055,9006,5,,6
100055,9007,2,,1
100055,9009,3,,1
100055,9032,4,,1
100055,9065,5,,7
100055,9074,3,,4
100055,9079,3,,2
100055,9095,3,,5
100055,9100,3,,10
100055,9104,5,,1
100055,9112,3,,3
100056,9001,4,,7
100056,9010,4,,5
100056,9016,4,,1
100056,9021,2,,10
100056,9029,4,,1
100056,9039,5,,3
100056,9047,4,,5
100056,9050,4,,8
100056,9101,4,,9
100056,9104,4,,7
100056,9111,4,,3
100057,9011,5,,10
100057,9017,5,,1
100057,9021,4,,9
100057,9034,5,,5
100057,9110,5,,9
100058,9011,5,,10
100058,9019,1,,1
100059,9050,5,,1
100060,9021,3,,1
100061,9034,2,,5
100061,9050,5,,8
100061,9104,4,,2
100062,9111,4,,4
100063,9001,5,,3
100063,9016,5,,7
100063,9112,3,,1
100064,9110,4,,8
100066,9021,4,,8
100066,9022,2,,3
100066,9105,2,,1
100066,9110,4,,9
100067,9001,3,,1
100067,9006,5,,3
100067,9012,3,,3
100067,9016,4,,8
100067,9017,4,,8
100067,9018,4,,10
100067,9028,5,,9
100067,9034,5,,3
100067,9042,3,,9
100067,9043,4,,5
100067,9060,4,,9
100067,9062,3,,5
100067,9086,5,,3
100067,9088,3,,6
100067,9094,3,,7
100067,9095,1,,4
100067,9104,3,,10
100067,9107,3,,5
100067,9110,5,,7
100067,9112,3,,1
100068,9001,4,,7
100068,9002,3,,9
100069,9001,5,,9
100069,9005,5,,10
100069,9019,4,,9
100069,9034,4,,10
100069,9104,4,,9
100070,9001,5,,5
100070,9003,5,,1
100070,9005,5,,7
100070,9007,3,,2
100070,9009,3,,5
100070,9012,3,,8
100070,9014,3,,10
100070,9017,4,,6
100070,9025,5,,5
100070,9026,5,,9
100070,9032,4,,3
100070,9036,4,,2
100070,9052,4,,7
100070,9058,5,,1
100070,9061,4,,9
100070,9062,5,,9
100070,9063,4,,5
100070,9065,3,,9
100070,9076,4,,10
100070,9079,4,,9
100070,9081,4,,5
100070,9082,4,,2
100070,9086,4,,9
100070,9088,3,,9
100070,9092,5,,8
100070,9095,5,,10
100070,9100,4,,6
100070,9104,3,,8
100070,9107,5,,8
100070,9112,5,,4
100072,9050,4,,2
100073,9001,5,,10
100073,9010,3,,2
100073,9016,4,,8
100073,9032,5,,9
100073,9039,4,,4
100073,9044,3,,10
100073,9047,5,,9
100073,9048,2,,2
100073,9050,5,,9
100073,9060,2,,10
100073,9065,2,,5
100073,9069,4,,2
100073,9098,3,,6
100073,9107,3,,2
100073,9110,4,,9
100074,9010,5,,3
100074,9016,3,,8
100074,9017,4,,2
100074,9104,4,,8
100074,9110,5,,9
100075,9001,3,,2
100075,9003,3,,2
100075,9032,4,,10
100076,9045,5,,8
100077,9001,4,,5
100077,9010,3,,7
100077,9032,4,,7
100077,9047,4,,1
100077,9111,4,,10
100078,9010,5,,9
100078,9016,5,,1
100078,9032,5,,3
100078,9039,5,,5
100078,9047,4,,2
100078,9050,5,,9
100079,9001,2,,1
100080,9002,2,,10
100080,9006,4,,8
100080,9007,4,,9
100080,9010,3,,7
100080,9016,5,,5
100080,9020,1,,8
100080,9021,4,,9
100080,9025,4,,4
100080,9032,5,,10
100080,9045,4,,3
100080,9046,3,,7
100080,9050,3,,6
100080,9073,5,,9
100080,9089,3,,7
100080,9093,1,,7
100080,9095,2,,2
100080,9100,2,,4
100080,9105,3,,3
100080,9112,4,,1
100081,9111,4,,10
100082,9010,3,,3
100082,9021,3,,9
100082,9034,5,,9
100082,9039,5,,4
100082,9047,5,,10
100082,9050,4,,1
100082,9110,5,,9
100083,9006,5,,2
100083,9021,1,,7
100083,9039,4,,8
100083,9050,5,,1
100084,9110,4,,4
100085,9002,5,,2
100085,9003,2,,9
100085,9005,3,,9
100085,9010,5,,9
100085,9019,3,,10
100085,9021,4,,3
100085,9023,3,,8
100085,9044,2,,9
100085,9058,1,,8
100085,9110,5,,5
100086,9001,3,,8
100086,9011,1,,10
100086,9014,4,,1
100086,9017,5,,5
100086,9018,5,,2
100086,9019,1,,6
100086,9021,1,,9
100086,9025,3,,5
100086,9026,4,,10
100086,9028,4,,7
100086,9029,4,,9
100086,9030,5,,3
100086,9032,5,,5
100086,9034,3,,10
100086,9035,4,,9
100086,9036,4,,3
100086,9039,4,,7
100086,9041,4,,2
100086,9046,3,,9
100086,9047,5,,4
100086,9058,4,,2
100086,9062,3,,8
100086,9068,4,,5
100086,9072,4,,7
100086,9073,3,,4
100086,9081,5,,3
100086,9082,3,,10
100086,9085,4,,7
100086,9097,4,,8
100086,9105,3,,6
100086,9110,3,,9
100086,9116,4,,2
100087,9001,3,,7
100087,9007,3,,4
100087,9025,4,,1
100087,9032,3,,9
100087,9052,4,,1
100087,9062,1,,10
100087,9088,3,,10
100087,9095,3,,2
100087,9104,4,,10
100087,9112,3,,6
100088,9007,4,,10
100088,9031,3,,1
100088,9036,4,,5
100088,9039,3,,8
100088,9047,4,,9
100088,9095,2,,5
100089,9001,5,,7
100089,9107,4,,3
100089,9110,5,,9
100090,9001,4,,4
100090,9006,4,,5
100090,9025,2,,8
100090,9029,5,,5
100090,9032,4,,9
100090,9036,4,,3
100090,9079,3,,5
100090,9081,4,,1
100091,9001,5,,2
100091,9019,4,,4
100091,9034,3,,2
100091,9104,4,,7
100091,9110,5,,3
100092,9001,5,,4
100092,9002,3,,8
100092,9006,3,,1
100092,9010,2,,3
100092,9011,4,,2
100092,9019,1,,2
100092,9021,5,,7
100092,9032,5,,3
100092,9034,5,,4
100092,9039,2,,1
100092,9044,3,,4
100092,9045,4,,9
100092,9047,5,,7
100092,9050,5,,9
100092,9062,3,,10
100092,9076,3,,7
100092,9095,3,,2
100092,9110,5,,9
100092,9112,4,,4
100093,9001,4,,1
100093,9017,4,,7
100093,9021,5,,1
100093,9034,4,,1
100093,9039,4,,4
100094,9001,4,,4
100094,9050,4,,8
100094,9069,3,,1
100095,9006,5,,1
100095,9009,3,,2
100095,9011,4,,3
100095,9016,5,,2
100095,9019,4,,6
100095,9024,4,,10
100095,9063,4,,10
100095,9070,4,,9
100095,9086,4,,3
100095,9088,4,,1
100096,9050,4,,1
100097,9001,1,,2
100097,9050,5,,9
100097,9110,1,,8
100098,9005,3,,3
100098,9039,3,,9
100099,9001,4,,4
100099,9002,2,,1
100099,9017,3,,8
100099,9028,3,,4
100099,9039,4,,6
100099,9047,1,,10
100099,9050,4,,9
100099,9105,3,,10
100099,9110,3,,2
100100,9001,4,,6
100100,9003,4,,3
100100,9006,3,,5
100100,9007,3,,2
100100,9025,4,,10
100100,9032,5,,9
100100,9052,3,,3
100100,9062,3,,9
100100,9086,3,,2
100100,9088,2,,1
100100,9095,3,,7
100102,9014,4,,5
100102,9025,4,,7
100102,9028,4,,1
100102,9034,4,,9
100102,9035,4,,7
100102,9036,4,,1
100102,9037,1,,1
100102,9045,4,,4
100102,9047,4,,5
100102,9050,4,,5
100102,9052,4,,8
100102,9058,4,,10
100102,9070,2,,5
100102,9078,4,,7
100102,9094,2,,7
100102,9111,5,,3
100103,9029,5,,6
100103,9032,5,,9
100103,9071,1,,6
100105,9006,3,,2
100105,9016,5,,1
100105,9019,2,,7
100105,9025,4,,7
100105,9032,4,,1
100105,9036,3,,5
100105,9047,4,,7
100105,9052,4,,8
100105,9111,4,,4
100106,9001,4,,4
100108,9010,4,,2
100108,9034,3,,6
100108,9047,2,,8
100108,9110,3,,8
100109,9047,5,,10
100110,9003,4,,4
100110,9005,4,,6
100110,9006,4,,7
100110,9007,4,,7
100110,9009,5,,7
100110,9010,4,,2
100110,9011,5,,6
100110,9016,4,,4
100110,9019,4,,1
100110,9023,5,,9
100110,9031,4,,10
100110,9032,3,,2
100110,9034,3,,1
100110,9039,5,,1
100110,9045,5,,7
100110,9047,3,,8
100110,9079,1,,2
100110,9095,5,,9
100111,9005,3,,2
100111,9011,4,,8
100111,9025,4,,6
100111,9045,1,,8
100111,9047,4,,9
100111,9050,4,,3
100111,9081,3,,7
100111,9095,3,,2
100111,9110,4,,7
100112,9001,5,,3
100112,9003,5,,10
100112,9006,3,,1
100112,9018,3,,6
100112,9032,3,,2
100112,9041,5,,1
100112,9085,5,,9
100112,9095,3,,1
100113,9002,5,,3
100113,9004,3,,6
100113,9005,5,,3
100113,9006,4,,4
100113,9008,5,,4
100113,9009,4,,1
100113,9010,3,,4
100113,9016,5,,3
100113,9020,5,,4
100113,9021,5,,2
100113,9024,5,,1
100113,9025,4,,7
100113,9036,4,,1
100113,9065,4,,5
100113,9074,5,,1
100113,9079,5,,5
100113,9089,4,,6
100113,9104,5,,6
100113,9105,5,,4
100114,9010,4,,7
100114,9034,5,,8
100115,9002,5,,6
100115,9003,5,,1
100115,9019,4,,9
100116,9047,5,,6
100118,9016,4,,1
100118,9032,4,,7
100118,9036,4,,10
100118,9047,4,,1
100118,9050,5,,4
100118,9111,4,,1
100119,9001,2,,9
100119,9002,3,,2
100119,9006,5,,10
100119,9016,3,,7
100119,9021,4,,3
100119,9024,3,,6
100119,9026,5,,5
100119,9029,3,,4
100119,9032,4,,10
100119,9036,3,,4
100119,9041,4,,4
100119,9047,5,,8
100119,9050,4,,10
100119,9060,2,,3
100119,9062,4,,9
100119,9070,4,,9
100119,9078,3,,1
100119,9095,2,,6
100119,9101,2,,3
100119,9110,5,,2
100119,9111,5,,5
100119,9112,3,,3
100120,9036,3,,4
100120,9050,4,,7
100120,9104,5,,3
100121,9001,4,,7
100121,9006,4,,7
100121,9010,3,,2
100121,9011,4,,2
100121,9017,5,,7
100121,9034,5,,8
100121,9039,4,,6
100121,9040,5,,1
100121,9050,5,,3
100121,9095,4,,10
100121,9105,3,,2
100121,9110,5,,10
100121,9112,3,,1
100122,9001,3,,1
100122,9010,3,,8
100122,9017,3,,3
100122,9028,3,,1
100122,9073,4,,5
100124,9002,3,,6
100124,9019,4,,4
100124,9110,5,,1
100125,9001,4,,2
100125,9011,4,,3
100125,9050,5,,9
100125,9104,4,,4
100125,9111,4,,3
100126,9001,5,,10
100126,9002,3,,8
100126,9010,3,,10
100126,9034,3,,2
100126,9039,3,,9
100126,9048,3,,8
100126,9058,4,,5
100126,9095,3,,3
100127,9005,4,,6
100128,9001,5,,9
100128,9002,4,,6
100128,9003,2,,5
100128,9004,3,,9
100128,9007,5,,9
100128,9008,4,,7
100128,9025,2,,5
100128,9039,4,,1
100128,9045,5,,6
100128,9047,5,,4
100128,9048,5,,9
100128,9060,3,,8
100128,9079,5,,3
100128,9086,5,,3
100128,9089,5,,6
100128,9093,1,,9
100128,9110,5,,9
100128,9111,1,,6
100129,9039,3,,10
100130,9001,3,,4
100130,9019,1,,3
100130,9034,3,,2
100130,9036,4,,5
100130,9048,3,,10
100130,9110,3,,4
100134,9005,1,,8
100134,9010,4,,3
100134,9016,4,,8
100134,9019,2,,1
100134,9029,5,,9
100134,9036,4,,9
100134,9110,3,,6
100135,9010,3,,4
100135,9018,4,,2
100135,9020,3,,6
100135,9021,3,,1
100135,9027,3,,10
100135,9065,1,,6
100135,9102,3,,8
100135,9104,3,,8
100137,9010,4,,2
100137,9032,5,,10
100137,9050,5,,10
100137,9060,3,,3
100138,9001,2,,9
100138,9050,4,,7
100140,9060,2,,9
100142,9001,4,,5
100143,9101,5,,2
100144,9010,5,,7
100144,9021,2,,8
100144,9032,5,,3
100144,9039,3,,3
100144,9047,4,,5
100145,9010,5,,9
100145,9019,5,,7
100145,9032,5,,7
100145,9047,5,,1
100145,9110,4,,10
100146,9001,5,,4
100147,9050,5,,7
100147,9111,5,,7
100148,9032,4,,7
100148,9052,4,,6
100148,9058,4,,5
100149,9001,3,,8
100149,9050,3,,4
100149,9104,1,,2
100150,9001,3,,9
100150,9002,3,,9
100150,9010,4,,6
100150,9019,3,,8
100150,9023,2,,2
100150,9025,4,,8
100150,9044,1,,9
100150,9071,3,,6
100150,9095,3,,6
100150,9104,5,,1
100150,9112,4,,9
100151,9002,4,,2
100151,9010,5,,1
100151,9019,3,,7
100151,9021,5,,2
100151,9032,5,,10
100151,9034,3,,9
100151,9039,3,,9
100151,9047,5,,9
100151,9050,3,,2
100151,9095,3,,8
100151,9110,4,,1
100152,9006,4,,10
100152,9032,5,,3
100152,9047,5,,1
100152,9050,5,,6
100153,9001,5,,4
100153,9032,5,,8
100153,9034,4,,3
100153,9110,3,,7
100154,9001,4,,8
100154,9003,4,,10
100154,9005,3,,9
100154,9007,3,,2
100154,9018,5,,9
100154,9052,5,,4
100154,9062,3,,1
100154,9085,4,,5
100154,9092,3,,4
100154,9107,4,,4
100155,9032,3,,7
100155,9110,4,,4
100156,9036,5,,9
100157,9012,2,,8
100157,9032,4,,8
100157,9034,1,,9
100157,9050,4,,3
100159,9034,2,,7
100159,9076,3,,6
100159,9110,4,,5
100159,9111,4,,3
100160,9034,2,,8
100160,9036,4,,1
100160,9111,4,,10
100161,9002,4,,2
100161,9010,4,,2
100161,9011,4,,8
100161,9017,5,,7
100161,9021,3,,1
100161,9025,3,,1
100161,9031,3,,9
100161,9032,3,,2
100161,9036,4,,5
100161,9039,3,,5
100161,9044,3,,9
100161,9047,4,,5
100161,9048,3,,4
100161,9062,4,,4
100161,9095,4,,10
100162,9003,2,,1
100162,9005,4,,10
100162,9006,3,,1
100162,9007,3,,8
100162,9017,4,,1
100162,9036,3,,4
100162,9052,5,,8
100162,9062,5,,2
100162,9064,3,,8
100162,9100,3,,7
100163,9001,3,,1
100163,9110,4,,1
100164,9010,4,,3
100164,9104,4,,1
100164,9110,3,,6
100165,9002,3,,1
100165,9019,1,,10
100165,9044,4,,8
100165,9050,2,,1
100165,9070,5,,4
100165,9081,3,,8
100165,9104,4,,2
100165,9111,4,,9
100165,9112,2,,3
100166,9034,4,,5
100168,9001,5,,9
100168,9004,3,,10
100168,9020,2,,9
100168,9021,4,,2
100168,9032,3,,3
100168,9039,4,,1
100168,9050,4,,10
100168,9093,2,,4
100168,9110,3,,7
100168,9111,5,,8
100169,9001,4,,9
100171,9016,5,,4
100171,9047,4,,10
100171,9110,5,,3
100171,9111,5,,6
100172,9017,4,,7
100172,9032,3,,2
100172,9034,3,,5
100172,9050,5,,1
100172,9107,5,,7
100173,9001,4,,9
100173,9006,5,,3
100173,9032,4,,7
100173,9040,4,,10
100173,9062,4,,7
100173,9100,4,,10
100173,9107,3,,4
100173,9112,4,,7
100175,9001,4,,4
100175,9047,4,,4
100175,9048,3,,6
100175,9073,4,,1
100175,9095,4,,5
100175,9107,4,,5
100176,9001,2,,5
100176,9002,3,,6
100176,9019,2,,1
100176,9034,2,,3
100176,9039,1,,3
100176,9048,3,,4
100177,9001,5,,3
100177,9002,5,,5
100177,9006,5,,8
100177,9010,4,,3
100177,9018,4,,1
100177,9022,4,,1
100177,9023,3,,2
100177,9032,4,,1
100177,9047,5,,7
100177,9050,5,,1
100177,9066,1,,8
100177,9070,4,,5
100177,9076,2,,1
100177,9089,4,,3
100177,9095,4,,10
100177,9107,3,,1
100177,9111,4,,8
100178,9001,4,,2
100179,9001,5,,10
100180,9024,4,,3
100182,9002,5,,7
100182,9003,4,,5
100182,9004,3,,6
100182,9005,4,,9
100182,9007,5,,6
100182,9008,5,,1
100182,9009,3,,6
100182,9011,5,,1
100182,9013,3,,4
100182,9017,3,,5
100182,9021,3,,10
100182,9025,1,,9
100182,9034,5,,4
100182,9036,3,,2
100182,9048,3,,2
100182,9060,4,,6
100182,9061,3,,3
100182,9062,5,,7
100182,9079,3,,10
100182,9095,3,,9
100182,9105,4,,1
100182,9110,5,,6
100183,9032,5,,5
100183,9034,4,,5
100183,9036,4,,9
100183,9047,5,,6
100183,9050,5,,8
100184,9001,5,,9
100185,9001,5,,5
100185,9002,4,,1
100185,9024,4,,3
100185,9029,5,,8
100185,9048,3,,1
100185,9050,5,,7
100185,9110,4,,3
100186,9031,3,,10
100187,9001,4,,5
100187,9002,3,,8
100187,9016,4,,4
100187,9104,4,,1
100188,9002,4,,10
100188,9010,4,,4
100188,9022,3,,4
100188,9024,4,,7
100188,9032,4,,3
100188,9034,4,,6
100188,9039,3,,7
100188,9047,3,,9
100188,9048,3,,1
100188,9060,4,,5
100188,9062,3,,2
100188,9093,3,,9
100188,9110,5,,6
100188,9112,4,,1
100190,9043,4,,9
100191,9010,2,,3
100191,9034,2,,10
100191,9047,3,,4
100191,9110,3,,3
100192,9002,4,,7
100192,9019,3,,9
100192,9034,5,,7
100192,9039,3,,4
100192,9044,3,,1
100192,9047,3,,1
100192,9048,3,,3
100192,9062,5,,2
100193,9001,4,,3
100193,9016,4,,4
100193,9105,4,,1
100193,9111,5,,5
100194,9019,3,,6
100194,9032,4,,5
100194,9044,3,,9
100194,9095,3,,7
100194,9110,4,,8
100195,9006,4,,10
100195,9025,3,,3
100195,9034,4,,3
100195,9039,3,,7
100195,9042,2,,9
100195,9060,2,,2
100195,9095,3,,1
100195,9104,1,,6
100195,9110,3,,8
100195,9111,2,,5
100195,9112,1,,8
100196,9005,4,,8
100197,9032,3,,9
100198,9036,5,,7
100199,9012,4,,3
100199,9016,4,,2
100199,9025,4,,1
100199,9044,4,,3
100199,9111,4,,10
100200,9001,3,,5
100200,9032,4,,3
100201,9001,5,,9
100201,9006,5,,7
100201,9032,5,,3
100201,9034,4,,9
100201,9047,5,,2
100201,9050,5,,2
100201,9058,4,,10
100201,9104,3,,8
100201,9110,5,,8
100203,9050,5,,5
100204,9016,4,,10
100205,9050,5,,2
100205,9110,3,,3
100207,9069,5,,8
100208,9016,4,,2
100211,9017,4,,9
100211,9029,5,,5
100211,9032,5,,2
100211,9043,5,,10
100211,9052,5,,2
100211,9062,5,,1
100211,9082,5,,2
100211,9094,3,,7
100211,9110,5,,6
100212,9001,3,,3
100212,9002,3,,4
100212,9016,4,,9
100212,9028,4,,6
100212,9034,3,,9
100212,9036,4,,1
100212,9039,2,,3
100212,9044,2,,1
100212,9104,3,,10
100212,9110,5,,10
100213,9001,3,,7
100213,9002,3,,1
100213,9007,2,,3
100213,9015,3,,5
100213,9019,2,,5
100213,9039,2,,6
100213,9048,2,,6
100213,9060,2,,5
100213,9095,2,,8
100213,9104,2,,1
100214,9010,3,,6
100214,9025,3,,3
100214,9032,3,,3
100214,9036,4,,9
100214,9047,4,,2
100214,9050,5,,8
100214,9110,5,,6
100214,9111,5,,2
100215,9001,3,,8
100215,9006,3,,8
100215,9086,3,,2
100215,9111,4,,2
100216,9047,5,,6
100216,9048,4,,8
100217,9016,4,,2
100217,9110,4,,8
100217,9112,3,,3
100219,9001,5,,4
100219,9011,4,,5
100219,9016,2,,4
100219,9019,3,,3
100219,9034,3,,3
100219,9039,4,,4
100219,9047,4,,3
100219,9050,4,,10
100219,9104,5,,4
100220,9001,2,,5
100220,9016,5,,5
100220,9017,5,,8
100220,9034,4,,1
100220,9036,4,,7
100220,9062,4,,4
100220,9110,4,,6
100221,9016,3,,4
100221,9112,3,,3
100223,9005,4,,3
100223,9006,4,,3
100223,9007,3,,1
100223,9032,4,,6
100223,9036,4,,7
100223,9041,4,,10
100223,9062,4,,7
100223,9081,3,,2
100223,9086,5,,2
100223,9102,3,,9
100223,9113,2,,10
100224,9001,4,,10
100224,9002,4,,5
100224,9006,5,,3
100224,9010,3,,7
100224,9016,5,,2
100224,9017,5,,10
100224,9021,4,,7
100224,9025,4,,4
100224,9028,5,,5
100224,9029,4,,9
100224,9030,4,,9
100224,9032,5,,6
100224,9034,5,,5
100224,9035,4,,3
100224,9036,5,,2
100224,9043,4,,1
100224,9047,4,,9
100224,9050,4,,3
100224,9052,4,,9
100224,9055,4,,6
100224,9058,3,,1
100224,9082,4,,8
100224,9085,4,,9
100224,9094,4,,4
100224,9095,3,,7
100224,9100,4,,5
100224,9103,4,,9
100224,9110,5,,6
100225,9047,5,,10
100225,9110,4,,1
100231,9050,5,,7
100231,9111,4,,9
100232,9001,3,,8
100232,9011,4,,9
100232,9017,5,,7
100232,9025,1,,5
100232,9032,5,,6
100232,9050,5,,5
100232,9062,5,,9
100232,9095,4,,10
100232,9100,5,,4
100232,9102,2,,10
100232,9105,4,,10
100232,9110,5,,6
100232,9111,5,,7
100233,9003,3,,10
100233,9007,3,,5
100233,9014,3,,4
100233,9017,5,,4
100233,9058,3,,8
100233,9079,3,,6
100233,9086,3,,7
100233,9095,3,,9
100233,9100,3,,5
100235,9006,4,,5
100235,9047,3,,6
100235,9048,3,,1
100235,9050,5,,6
100236,9006,3,,10
100236,9010,3,,2
100236,9032,4,,5
100237,9001,3,,2
100237,9032,2,,8
100239,9003,4,,3
100239,9004,3,,6
100239,9005,3,,2
100239,9011,4,,2
100239,9039,5,,4
100239,9065,2,,6
100239,9069,5,,10
100239,9088,2,,8
100239,9104,4,,7
100240,9017,4,,9
100240,9021,3,,3
100240,9036,4,,8
100240,9047,4,,5
100240,9058,4,,4
100240,9111,5,,9
100241,9001,3,,1
100241,9002,3,,5
100241,9005,2,,5
100241,9034,4,,2
100241,9036,4,,7
100241,9047,3,,9
100241,9048,2,,7
100241,9050,4,,5
100242,9001,5,,7
100242,9006,4,,9
100242,9011,5,,7
100242,9016,5,,9
100242,9021,5,,10
100242,9022,4,,7
100242,9025,4,,10
100242,9031,4,,3
100242,9034,4,,10
100242,9036,5,,6
100242,9047,4,,3
100242,9050,5,,9
100242,9052,4,,9
100242,9095,4,,4
100242,9100,4,,8
100242,9110,5,,1
100242,9111,5,,2
100243,9019,3,,5
100243,9047,4,,10
100243,9093,2,,6
100243,9110,4,,1
100245,9022,3,,1
100245,9036,4,,10
100245,9046,3,,10
100245,9047,2,,8
100245,9050,4,,2
100245,9062,5,,2
100245,9110,5,,1
100247,9001,4,,7
100247,9007,3,,7
100247,9009,3,,6
100247,9010,4,,7
100247,9011,4,,7
100247,9012,3,,4
100247,9019,4,,1
100247,9039,3,,6
100247,9044,3,,9
100247,9045,3,,2
100247,9069,4,,6
100247,9070,3,,1
100247,9104,4,,7
100247,9110,5,,6
100248,9032,4,,6
100248,9110,5,,7
100249,9010,4,,9
100249,9011,4,,10
100250,9111,4,,4
100251,9110,4,,1
100252,9001,3,,7
100252,9006,3,,4
100252,9007,4,,8
100252,9012,5,,9
100252,9025,5,,8
100252,9032,4,,10
100252,9079,2,,8
100252,9095,4,,3
100252,9104,3,,1
100253,9002,4,,8
100253,9010,4,,9
100253,9016,2,,2
100253,9019,1,,2
100253,9110,5,,7
100254,9009,3,,1
100254,9019,3,,8
100254,9022,3,,7
100254,9023,2,,2
100254,9029,5,,3
100254,9031,3,,10
100254,9034,5,,4
100254,9039,2,,5
100254,9044,3,,7
100254,9047,3,,5
100254,9048,1,,10
100254,9050,5,,1
100254,9072,4,,10
100254,9082,5,,3
100254,9112,3,,5
100255,9105,4,,6
100256,9003,3,,3
100256,9005,3,,2
100256,9006,3,,10
100256,9007,3,,7
100256,9009,3,,3
100256,9014,4,,7
100256,9025,5,,2
100256,9032,1,,1
100256,9036,3,,10
100256,9052,4,,6
100256,9062,4,,4
100256,9079,3,,1
100256,9095,3,,10
100256,9100,3,,3
100257,9111,5,,6
100259,9034,3,,8
100260,9069,3,,5
100261,9019,5,,5
100261,9032,4,,2
100261,9050,5,,5
100261,9110,5,,5
100262,9002,2,,10
100262,9029,3,,10
100262,9034,2,,3
100262,9047,5,,10
100262,9070,2,,6
100262,9097,3,,1
100262,9110,3,,5
100264,9039,5,,5
100265,9021,4,,3
100265,9025,4,,9
100265,9036,4,,4
100265,9041,4,,2
100265,9050,5,,10
100265,9058,3,,9
100265,9111,4,,5
100266,9014,4,,1
100266,9034,3,,3
100266,9036,5,,8
100266,9039,5,,3
100266,9050,4,,10
100266,9062,4,,2
100266,9105,3,,2
100267,9050,4,,10
100268,9001,5,,3
100268,9010,3,,4
100268,9017,3,,1
100268,9019,2,,2
100268,9032,3,,3
100268,9047,4,,3
100268,9111,3,,6
100270,9047,4,,5
100270,9050,4,,8
100271,9032,4,,7
100271,9104,2,,2
100271,9110,4,,7
100272,9001,4,,9
100275,9001,5,,10
100275,9003,4,,5
100275,9110,5,,10
100276,9070,3,,10
100277,9110,5,,9
100278,9080,5,,1
100278,9111,4,,6
100279,9002,3,,7
100279,9010,3,,2
100279,9021,1,,6
100279,9034,3,,8
100279,9047,3,,1
100279,9050,5,,5
100279,9110,4,,7
100280,9011,3,,6
100280,9017,5,,3
100280,9028,5,,6
100280,9058,4,,7
100282,9001,4,,1
100282,9010,3,,9
100282,9022,3,,1
100283,9001,3,,5
100283,9032,4,,9
100283,9036,3,,9
100283,9047,3,,10
100283,9050,4,,7
100283,9058,4,,8
100283,9105,3,,1
100284,9001,3,,7
100284,9003,3,,4
100284,9005,4,,7
100284,9006,5,,2
100284,9007,1,,1
100284,9012,1,,3
100284,9014,3,,1
100284,9017,1,,2
100284,9025,3,,7
100284,9032,4,,3
100284,9036,4,,7
100284,9062,3,,4
100284,9076,3,,9
100284,9078,2,,7
100284,9079,5,,9
100284,9081,3,,4
100284,9086,4,,6
100284,9095,3,,4
100284,9100,5,,5
100284,9103,4,,5
100284,9107,2,,1
100285,9001,4,,6
100285,9002,3,,6
100285,9003,3,,7
100285,9010,4,,8
100285,9019,1,,3
100285,9032,5,,4
100285,9044,2,,7
100285,9047,5,,2
100285,9050,5,,5
100285,9060,4,,7
100285,9063,2,,5
100285,9069,4,,6
100285,9070,4,,6
100285,9093,2,,3
100285,9104,4,,6
100285,9110,5,,6
100285,9112,3,,8
100286,9023,4,,6
100287,9001,5,,3
100287,9002,5,,9
100288,9002,4,,9
100288,9006,3,,7
100288,9010,3,,4
100288,9019,5,,1
100288,9025,4,,6
100288,9031,3,,4
100288,9039,3,,2
100288,9044,1,,6
100288,9047,5,,1
100288,9105,3,,3
100288,9110,5,,3
100290,9047,5,,5
100290,9111,4,,1
100292,9001,4,,1
100292,9005,4,,3
100292,9010,4,,9
100292,9050,5,,8
100292,9062,4,,9
100292,9110,4,,7
100293,9001,4,,7
100294,9001,4,,10
100294,9007,5,,1
100294,9011,3,,4
100294,9012,4,,7
100294,9017,4,,6
100294,9034,3,,9
100294,9039,4,,3
100294,9044,3,,4
100294,9073,4,,9
100294,9107,4,,7
100294,9110,3,,4
100294,9112,3,,4
100295,9039,4,,7
100295,9095,4,,1
100295,9110,4,,9
100295,9112,3,,1
100297,9104,2,,6
100298,9002,5,,7
100298,9019,4,,5
100299,9032,5,,3
100300,9110,5,,8
100301,9107,1,,2
100302,9010,3,,1
100303,9032,3,,9
100304,9014,4,,6
100304,9025,5,,9
100304,9047,5,,4
100305,9112,3,,3
100306,9001,3,,8
100306,9002,4,,10
100306,9005,2,,7
100306,9007,2,,5
100306,9011,4,,7
100306,9014,3,,10
100306,9016,4,,2
100306,9017,4,,6
100306,9019,4,,1
100306,9021,4,,8
100306,9025,4,,4
100306,9034,4,,1
100306,9035,3,,1
100306,9037,3,,9
100306,9039,5,,7
100306,9045,4,,4
100306,9047,4,,9
100306,9050,4,,4
100306,9052,4,,2
100306,9057,2,,6
100306,9062,3,,4
100306,9074,2,,1
100306,9088,3,,5
100306,9105,2,,9
100306,9110,3,,9
100307,9047,4,,9
100307,9050,5,,4
100308,9017,4,,1
100308,9039,4,,8
100308,9045,3,,5
100308,9047,3,,10
100308,9070,4,,10
100308,9093,3,,8
100309,9050,5,,4
100309,9101,5,,9
100311,9001,3,,7
100311,9006,4,,9
100311,9007,3,,5
100311,9010,3,,7
100311,9011,5,,5
100311,9014,3,,2
100311,9015,2,,1
100311,9016,2,,4
100311,9017,2,,1
100311,9021,4,,2
100311,9023,2,,5
100311,9027,2,,6
100311,9028,2,,5
100311,9031,3,,6
100311,9039,3,,4
100311,9040,3,,1
100311,9045,4,,5
100311,9048,3,,8
100311,9050,3,,4
100311,9057,2,,9
100311,9061,3,,10
100311,9074,3,,3
100311,9079,2,,3
100311,9083,3,,8
100311,9089,3,,10
100311,9095,3,,6
100311,9100,3,,7
100311,9105,4,,4
100311,9110,3,,7
100312,9001,5,,2
100312,9002,2,,8
100312,9006,5,,2
100312,9007,1,,9
100312,9010,1,,2
100312,9011,3,,4
100312,9017,3,,10
100312,9021,2,,8
100312,9025,4,,2
100312,9028,5,,1
100312,9032,2,,6
100312,9034,2,,8
100312,9036,4,,2
100312,9039,5,,2
100312,9045,5,,2
100312,9050,5,,2
100312,9052,3,,5
100312,9057,3,,1
100312,9085,4,,2
100312,9095,2,,2
100312,9099,5,,4
100312,9105,5,,10
100312,9111,5,,1
100312,9112,2,,6
100313,9001,4,,1
100313,9002,3,,4
100313,9025,3,,3
100313,9032,3,,1
100313,9034,4,,6
100313,9047,4,,9
100313,9110,5,,4
100314,9001,2,,4
100315,9039,1,,7
100318,9001,1,,10
100318,9005,3,,9
100318,9006,3,,1
100318,9009,4,,3
100318,9036,3,,1
100318,9041,3,,8
100318,9095,4,,3
100319,9011,4,,9
100319,9017,3,,1
100319,9039,3,,3
100319,9095,3,,1
100319,9110,4,,6
100321,9001,3,,4
100321,9021,5,,4
100321,9050,4,,8
100324,9001,4,,10
100324,9002,4,,3
100324,9019,3,,4
100324,9034,5,,10
100324,9110,4,,10
100325,9105,2,,10
100326,9060,4,,5
100327,9032,4,,7
100328,9001,4,,6
100328,9025,3,,6
100328,9034,4,,1
100328,9110,4,,2
100329,9001,5,,10
100329,9003,3,,5
100329,9005,3,,4
100329,9006,5,,4
100329,9007,4,,3
100329,9025,5,,10
100329,9032,3,,4
100329,9095,3,,1
100329,9104,3,,2
100330,9016,3,,5
100330,9022,3,,6
100330,9025,3,,6
100330,9032,4,,7
100330,9041,5,,7
100330,9050,4,,5
100330,9058,4,,5
100330,9080,5,,5
100330,9110,4,,7
100331,9024,4,,7
100332,9070,5,,8
100333,9001,4,,2
100334,9001,5,,7
100336,9001,2,,9
100338,9002,3,,4
100338,9017,4,,1
100338,9025,4,,6
100338,9031,3,,8
100338,9034,4,,8
100338,9036,4,,1
100338,9039,3,,9
100338,9047,4,,5
100338,9062,4,,5
100338,9105,3,,1
100338,9110,3,,7
100340,9006,4,,5
100340,9047,5,,3
100341,9014,4,,6
100342,9014,3,,4
100342,9025,4,,4
100342,9036,4,,2
100342,9050,5,,1
100342,9058,5,,1
100343,9001,5,,8
100343,9006,5,,6
100343,9025,5,,4
100343,9032,4,,3
100343,9036,4,,10
100343,9041,2,,8
100343,9052,1,,6
100343,9062,2,,6
100343,9081,4,,7
100343,9094,3,,10
100344,9001,4,,10
100344,9005,2,,4
100344,9023,3,,7
100344,9029,3,,1
100344,9034,1,,2
100344,9039,3,,1
100344,9046,3,,2
100344,9047,5,,5
100344,9050,5,,4
100344,9052,4,,5
100344,9053,5,,1
100344,9082,4,,9
100344,9110,4,,2
100345,9005,2,,3
100345,9025,4,,2
100345,9032,5,,5
100345,9034,4,,10
100345,9111,5,,9
100346,9002,2,,7
100346,9029,2,,2
100346,9032,3,,3
100346,9110,2,,7
100346,9112,4,,2
100348,9024,2,,10
100348,9032,5,,4
100348,9073,4,,6
100348,9111,5,,2
100350,9001,4,,1
100350,9036,5,,9
100350,9050,4,,8
100350,9069,5,,2
100350,9104,5,,10
100351,9094,4,,8
100352,9047,4,,9
100353,9002,2,,2
100353,9010,3,,3
100353,9021,3,,1
100353,9112,2,,10
100354,9001,5,,1
100354,9011,5,,4
100354,9044,4,,5
100354,9112,5,,2
100355,9001,3,,4
100355,9002,3,,5
100355,9006,4,,8
100355,9019,3,,7
100355,9032,4,,7
100355,9047,5,,4
100355,9070,3,,2
100355,9095,3,,4
100355,9110,4,,2
100357,9001,5,,6
100357,9019,4,,10
100357,9032,5,,4
100357,9048,4,,5
100357,9058,5,,5
100358,9001,5,,10
100358,9003,1,,2
100358,9005,2,,9
100358,9006,3,,4
100358,9007,4,,8
100358,9011,3,,6
100358,9012,1,,2
100358,9017,5,,7
100358,9019,1,,7
100358,9021,4,,1
100358,9032,3,,5
100358,9034,5,,4
100358,9039,5,,2
100358,9046,1,,10
100358,9047,3,,6
100358,9048,3,,2
100358,9050,5,,1
100358,9052,4,,5
100358,9058,5,,6
100358,9064,1,,4
100358,9065,1,,8
100358,9070,1,,10
100358,9081,1,,6
100358,9102,1,,1
100358,9104,1,,2
100358,9110,1,,10
100358,9111,5,,5
100358,9116,5,,7
100360,9047,4,,9
100360,9050,5,,10
100360,9111,5,,7
100361,9001,3,,5
100361,9003,4,,2
100361,9007,3,,7
100361,9009,3,,10
100361,9012,3,,9
100361,9014,4,,1
100361,9017,5,,1
100361,9025,4,,8
100361,9032,3,,3
100361,9041,4,,2
100361,9052,4,,10
100361,9058,3,,3
100361,9065,3,,10
100361,9066,4,,7
100361,9074,4,,5
100361,9076,4,,10
100361,9079,3,,2
100361,9086,3,,10
100361,9088,4,,8
100361,9100,3,,2
100361,9107,4,,9
100362,9050,5,,6
100363,9001,5,,2
100363,9029,4,,6
100363,9032,4,,1
100363,9034,5,,2
100363,9047,5,,4
100363,9048,4,,6
100363,9050,4,,7
100363,9110,1,,1
100366,9024,4,,7
100367,9006,2,,5
100367,9021,3,,2
100367,9095,4,,1
100369,9002,3,,1
100369,9010,3,,2
100369,9021,3,,6
100369,9032,4,,5
100369,9039,3,,1
100369,9047,4,,10
100369,9050,3,,6
100369,9110,5,,5
100370,9044,4,,3
100370,9110,4,,4
100373,9016,4,,7
100373,9025,4,,2
100373,9034,4,,1
100373,9036,4,,7
100373,9039,5,,10
100373,9045,4,,6
100373,9050,4,,10
100373,9111,4,,8
100375,9010,4,,7
100375,9110,3,,6
100378,9050,3,,3
100379,9032,4,,3
100379,9110,4,,1
100380,9001,4,,8
100380,9006,4,,3
100380,9011,2,,9
100380,9016,4,,10
100380,9019,4,,10
100380,9021,4,,3
100380,9022,3,,1
100380,9024,3,,4
100380,9025,4,,1
100380,9032,5,,3
100380,9034,4,,8
100380,9039,3,,8
100380,9045,3,,7
100380,9047,5,,5
100380,9050,5,,1
100380,9104,4,,1
100380,9110,5,,6
100381,9005,4,,1
100381,9025,5,,7
100381,9036,5,,9
100381,9047,1,,10
100382,9002,3,,2
100382,9005,3,,10
100382,9007,5,,8
100382,9011,5,,9
100382,9017,4,,5
100382,9034,4,,1
100382,9039,2,,5
100382,9104,1,,5
100383,9001,5,,4
100383,9006,3,,6
100383,9009,2,,3
100383,9014,3,,4
100383,9021,3,,4
100383,9025,2,,3
100383,9029,3,,3
100383,9032,5,,8
100383,9034,5,,4
100383,9036,3,,3
100383,9047,5,,10
100383,9052,4,,7
100383,9062,4,,2
100383,9068,3,,7
100383,9083,3,,4
100383,9095,3,,3
100383,9100,3,,9
100383,9110,3,,10
100384,9019,3,,1
100384,9023,3,,2
100384,9034,3,,7
100384,9047,4,,4
100384,9070,4,,4
100384,9095,2,,1
100385,9006,5,,10
100385,9010,3,,2
100385,9011,4,,5
100385,9016,5,,4
100385,9017,3,,2
100385,9019,3,,1
100385,9021,4,,3
100385,9022,3,,8
100385,9025,3,,2
100385,9036,4,,9
100385,9039,4,,4
100385,9045,4,,2
100385,9047,5,,1
100385,9050,5,,8
100385,9095,2,,2
100385,9105,3,,4
100385,9110,3,,2
100385,9111,5,,6
100386,9016,4,,8
100386,9025,4,,4
100386,9031,2,,8
100386,9032,4,,3
100386,9050,4,,1
100386,9092,4,,6
100386,9111,4,,1
100387,9011,4,,5
100387,9021,4,,4
100387,9036,3,,5
100387,9052,4,,5
100387,9104,3,,5
100387,9111,5,,10
100388,9006,5,,3
100388,9010,2,,7
100388,9014,4,,1
100388,9016,3,,3
100388,9020,1,,1
100388,9022,4,,10
100388,9023,2,,2
100388,9025,4,,1
100388,9029,3,,5
100388,9032,4,,7
100388,9036,4,,2
100388,9039,3,,10
100388,9041,2,,3
100388,9042,2,,9
100388,9045,2,,4
100388,9047,5,,7
100388,9049,3,,2
100388,9050,5,,6
100388,9062,3,,3
100388,9070,3,,8
100388,9072,5,,1
100388,9082,2,,4
100388,9088,3,,8
100388,9100,2,,8
100388,9101,4,,9
100388,9104,2,,3
100388,9105,2,,5
100388,9110,5,,4
100388,9111,5,,3
100389,9002,4,,10
100389,9005,4,,10
100389,9010,4,,8
100389,9019,1,,6
100389,9022,3,,8
100389,9023,2,,3
100389,9054,4,,5
100389,9062,4,,7
100389,9074,4,,4
100389,9095,5,,5
100389,9110,5,,5
100390,9001,4,,10
100390,9003,5,,4
100390,9007,3,,7
100390,9009,3,,8
100390,9010,3,,10
100390,9011,5,,2
100390,9014,2,,8
100390,9015,3,,1
100390,9017,4,,6
100390,9021,5,,5
100390,9032,1,,4
100390,9043,3,,9
100390,9044,3,,7
100390,9052,3,,7
100390,9062,3,,5
100390,9065,2,,8
100390,9092,2,,9
100390,9095,3,,9
100390,9102,3,,10
100390,9104,1,,3
100390,9110,3,,5
100390,9112,4,,7
100391,9004,2,,10
100391,9017,4,,5
100391,9035,5,,1
100391,9045,3,,10
100391,9046,4,,1
100391,9047,3,,5
100391,9050,5,,9
100391,9058,5,,3
100391,9096,1,,7
100391,9110,4,,9
100391,9111,3,,8
100394,9031,2,,7
100394,9032,4,,7
100394,9039,3,,5
100394,9047,4,,1
100394,9095,3,,3
100395,9110,3,,3
100396,9001,5,,3
100396,9002,3,,6
100396,9010,3,,4
100396,9011,3,,3
100396,9012,4,,7
100396,9015,4,,2
100396,9017,4,,1
100396,9024,3,,3
100396,9029,4,,10
100396,9032,3,,6
100396,9044,3,,9
100396,9047,3,,2
100396,9050,4,,5
100396,9057,3,,5
100396,9065,2,,3
100396,9066,2,,2
100396,9076,3,,10
100396,9092,3,,6
100396,9093,4,,3
100396,9110,3,,8
100399,9010,3,,2
100399,9025,4,,4
100399,9047,2,,1
100399,9050,4,,10
100400,9010,3,,7
100400,9021,4,,10
100400,9032,4,,8
100400,9034,4,,2
100400,9039,4,,7
100400,9047,4,,7
100400,9050,5,,1
100400,9110,5,,10
100401,9001,5,,4
100402,9001,2,,6
100403,9001,4,,9
100403,9025,3,,7
100403,9032,3,,6
100404,9006,4,,8
100405,9085,4,,8
100405,9110,2,,4
100406,9111,5,,6
100407,9001,4,,6
100407,9014,4,,4
100407,9025,4,,8
100407,9032,4,,7
100407,9036,4,,7
100407,9041,5,,7
100407,9050,4,,2
100407,9052,5,,5
100407,9058,5,,2
100407,9073,5,,7
100408,9001,2,,9
100408,9016,2,,8
100408,9017,4,,8
100408,9018,5,,2
100408,9021,5,,6
100408,9032,4,,4
100408,9039,4,,1
100408,9045,4,,9
100408,9047,5,,5
100408,9050,5,,9
100408,9055,1,,7
100408,9073,5,,1
100408,9101,3,,7
100408,9104,3,,7
100409,9001,5,,4
100409,9015,1,,1
100409,9016,4,,2
100409,9021,5,,1
100409,9022,1,,8
100409,9025,4,,3
100409,9030,5,,3
100409,9032,3,,1
100409,9034,5,,10
100409,9035,4,,9
100409,9046,4,,4
100409,9047,5,,10
100409,9050,4,,9
100409,9085,5,,7
100409,9110,4,,8
100410,9001,5,,2
100410,9110,5,,7
100411,9024,5,,8
100411,9105,4,,6
100412,9001,4,,10
100412,9019,3,,9
100412,9027,3,,8
100412,9039,3,,7
100412,9050,4,,5
100412,9110,3,,10
100413,9006,5,,7
100413,9007,5,,4
100413,9017,3,,8
100413,9025,4,,10
100413,9052,3,,8
100413,9062,4,,1
100413,9095,4,,8
100413,9112,3,,4
100414,9021,4,,2
100414,9024,2,,10
100414,9028,4,,2
100414,9046,2,,4
100415,9010,4,,6
100415,9034,4,,2
100415,9050,5,,1
100415,9110,5,,2
100416,9003,4,,9
100416,9007,4,,4
100416,9010,4,,6
100416,9011,4,,10
100416,9019,3,,10
100416,9020,3,,4
100416,9022,4,,6
100416,9032,3,,1
100416,9039,3,,2
100416,9062,5,,4
100416,9074,3,,8
100416,9086,3,,3
100416,9088,3,,9
100416,9104,3,,9
100417,9110,5,,10
100418,9002,2,,4
100418,9048,3,,1
100419,9034,4,,7
100419,9050,4,,4
100420,9032,4,,5
100420,9107,4,,7
100421,9001,2,,7
100421,9011,5,,2
100421,9034,3,,6
100421,9039,3,,8
100421,9110,5,,5
100422,9001,5,,5
100422,9025,5,,2
100422,9034,4,,2
100422,9036,5,,1
100422,9039,4,,4
100422,9062,3,,9
100422,9070,3,,8
100423,9088,3,,4
100423,9111,5,,7
100423,9112,4,,4
100425,9050,4,,6
100425,9104,3,,7
100426,9001,3,,6
100426,9002,3,,3
100426,9032,2,,8
100426,9047,4,,5
100428,9001,5,,5
100428,9002,3,,4
100428,9016,5,,3
100428,9034,3,,1
100428,9060,2,,6
100428,9111,5,,5
100430,9001,4,,7
100430,9006,4,,6
100430,9019,2,,6
100430,9021,5,,9
100430,9029,5,,6
100430,9032,5,,7
100430,9047,5,,6
100430,9050,5,,10
100430,9069,4,,5
100430,9104,2,,10
100430,9110,4,,6
100431,9017,5,,2
100431,9041,5,,10
100431,9047,5,,6
100431,9050,5,,3
100431,9110,5,,6
100432,9001,5,,9
100432,9032,5,,9
100432,9047,5,,3
100432,9050,5,,4
100433,9006,5,,7
100433,9032,4,,6
100433,9036,3,,2
100433,9047,5,,2
100433,9104,3,,10
100433,9111,5,,6
100434,9001,4,,3
100434,9006,4,,2
100434,9017,5,,5
100434,9025,5,,9
100434,9028,4,,4
100434,9032,4,,9
100434,9034,4,,1
100434,9036,5,,5
100434,9050,5,,4
100434,9052,4,,4
100434,9058,5,,7
100434,9074,2,,9
100434,9078,4,,9
100434,9079,1,,7
100434,9085,4,,5
100434,9094,3,,8
100434,9095,3,,5
100434,9100,3,,2
100434,9101,5,,5
100434,9103,3,,7
100434,9107,2,,10
100434,9111,4,,8
100435,9032,5,,9
100436,9058,4,,2
100436,9111,4,,3
100437,9001,4,,6
100437,9048,3,,6
100438,9050,5,,10
100439,9034,1,,6
100439,9039,4,,9
100439,9045,4,,10
100440,9001,4,,10
100440,9002,4,,8
100440,9032,3,,3
100440,9047,4,,10
100440,9050,4,,10
100440,9110,5,,8
100441,9058,5,,5
100441,9059,5,,9
100441,9110,3,,10
100442,9001,4,,5
100442,9002,4,,2
100442,9025,1,,4
100442,9065,1,,4
100442,9095,1,,3
100447,9001,3,,4
100447,9002,3,,10
100447,9006,3,,5
100447,9010,3,,8
100447,9011,3,,5
100447,9017,3,,4
100447,9019,3,,10
100447,9021,3,,2
100447,9025,4,,4
100447,9034,3,,10
100447,9036,4,,5
100447,9039,3,,8
100447,9048,3,,7
100447,9060,3,,1
100447,9062,5,,6
100447,9105,4,,9
100447,9110,5,,8
100447,9111,3,,2
100448,9001,3,,4
100449,9032,4,,7
100449,9047,4,,9
100449,9062,4,,10
100450,9047,5,,7
100450,9050,5,,2
100450,9111,5,,2
100451,9052,4,,2
100452,9003,1,,5
100452,9005,3,,7
100452,9006,4,,10
100452,9007,3,,7
100452,9011,4,,10
100452,9014,5,,2
100452,9016,4,,10
100452,9017,4,,7
100452,9018,3,,3
100452,9019,1,,1
100452,9022,3,,4
100452,9024,2,,6
100452,9027,3,,10
100452,9029,4,,4
100452,9034,4,,10
100452,9036,5,,8
100452,9039,3,,8
100452,9043,4,,4
100452,9045,3,,2
100452,9052,3,,9
100452,9057,3,,6
100452,9062,3,,4
100452,9074,2,,7
100452,9079,1,,10
100452,9086,3,,7
100452,9089,3,,8
100452,9094,4,,10
100452,9100,3,,10
100452,9104,1,,6
100452,9105,1,,10
100452,9110,4,,1
100452,9111,4,,8
100452,9113,3,,2
100453,9044,4,,6
100454,9050,5,,10
100457,9005,1,,10
100457,9006,3,,2
100457,9010,2,,7
100457,9032,3,,5
100457,9034,1,,9
100457,9039,2,,3
100457,9045,3,,3
100457,9050,3,,10
100457,9070,3,,10
100457,9110,3,,8
100457,9111,5,,1
100458,9010,4,,9
100458,9034,3,,9
100458,9047,4,,3
100458,9110,4,,6
100459,9001,5,,2
100459,9003,4,,10
100459,9006,4,,2
100459,9007,3,,10
100459,9014,4,,7
100459,9025,5,,1
100459,9032,4,,3
100459,9036,4,,5
100459,9079,2,,10
100459,9095,4,,5
100459,9104,4,,2
100460,9029,4,,1
100460,9032,4,,3
100460,9045,4,,3
100461,9006,4,,9
100461,9010,2,,2
100461,9016,3,,1
100461,9021,3,,4
100461,9022,2,,5
100461,9031,2,,1
100461,9036,3,,6
100461,9047,5,,8
100461,9048,2,,9
100461,9050,4,,10
100461,9060,2,,6
100461,9070,2,,9
100461,9110,4,,3
100463,9001,3,,9
100463,9007,4,,10
100463,9011,3,,8
100463,9017,4,,2
100463,9024,2,,5
100463,9025,3,,8
100463,9032,4,,3
100463,9039,3,,5
100463,9047,4,,5
100463,9048,3,,10
100463,9050,5,,7
100463,9052,4,,10
100463,9110,5,,9
100464,9010,5,,10
100464,9039,5,,2
100464,9062,5,,6
100464,9095,5,,10
100465,9017,5,,2
100466,9001,5,,1
100466,9002,3,,9
100466,9025,3,,9
100466,9034,4,,6
100466,9036,3,,9
100466,9039,4,,3
100466,9041,4,,1
100466,9048,3,,4
100466,9050,4,,7
100467,9043,4,,3
100468,9001,4,,5
100468,9002,2,,10
100468,9010,3,,8
100468,9011,2,,2
100468,9025,3,,8
100468,9032,3,,3
100468,9039,3,,1
100468,9050,3,,9
100468,9058,3,,4
100468,9104,2,,1
100468,9107,3,,1
100468,9110,3,,10
100468,9111,4,,10
100470,9029,4,,3
100471,9002,3,,2
100472,9001,5,,8
100472,9006,3,,2
100472,9007,2,,7
100472,9011,3,,2
100472,9016,4,,1
100472,9017,4,,6
100472,9021,4,,9
100472,9025,5,,2
100472,9029,4,,6
100472,9032,3,,9
100472,9034,5,,9
100472,9036,4,,3
100472,9039,4,,3
100472,9047,4,,5
100472,9050,4,,2
100472,9094,4,,6
100472,9101,4,,9
100472,9111,4,,2
100473,9002,5,,7
100473,9110,5,,2
100475,9016,4,,10
100475,9047,4,,7
100475,9110,4,,10
100476,9016,5,,9
100476,9111,4,,3
100479,9002,4,,6
100479,9104,4,,3
100480,9001,5,,9
100480,9002,5,,6
100480,9032,3,,9
100480,9047,4,,9
100480,9110,4,,6
100481,9001,4,,8
100481,9016,4,,9
100481,9032,4,,1
100481,9058,5,,3
100481,9111,5,,10
100482,9032,4,,3
100482,9070,3,,10
100483,9050,4,,9
100483,9110,4,,9
100483,9111,3,,7
100484,9001,3,,1
100484,9003,4,,6
100484,9017,5,,6
100484,9025,2,,9
100484,9032,5,,4
100484,9041,4,,5
100484,9062,5,,6
100484,9065,1,,8
100484,9076,5,,3
100484,9104,3,,3
100485,9031,4,,5
100486,9001,5,,3
100487,9002,4,,2
100487,9010,4,,9
100487,9011,4,,5
100487,9017,5,,4
100487,9019,3,,6
100487,9022,5,,4
100487,9027,3,,8
100487,9031,5,,7
100487,9032,4,,6
100487,9034,3,,4
100487,9039,4,,4
100487,9047,4,,4
100487,9048,3,,7
100487,9050,5,,5
100487,9054,3,,5
100487,9074,4,,8
100487,9089,3,,3
100487,9094,3,,3
100487,9095,5,,9
100487,9102,3,,6
100487,9104,3,,8
100487,9110,5,,4
100488,9047,4,,1
100489,9024,3,,3
100489,9041,4,,5
100490,9001,1,,2
100490,9006,5,,1
100490,9009,4,,6
100490,9014,3,,3
100490,9032,3,,1
100490,9036,3,,9
100490,9058,4,,1
100490,9079,4,,5
100490,9095,4,,9
100490,9112,4,,9
100491,9001,5,,4
100491,9011,3,,1
100491,9021,3,,6
100491,9034,4,,4
100491,9039,4,,9
100491,9052,1,,1
100491,9086,1,,1
100492,9030,2,,7
100492,9035,4,,10
100492,9077,4,,9
100493,9007,4,,10
100493,9011,4,,10
100493,9017,4,,6
100493,9025,3,,4
100493,9028,4,,6
100493,9034,5,,3
100493,9048,2,,10
100493,9058,4,,4
100493,9105,4,,2
100494,9050,5,,9
100495,9034,5,,6
100495,9047,4,,9
100495,9110,5,,6
100496,9002,4,,10
100496,9003,3,,3
100496,9006,5,,7
100496,9011,4,,9
100496,9015,3,,4
100496,9019,2,,7
100496,9020,4,,4
100496,9022,5,,9
100496,9023,4,,7
100496,9027,4,,9
100496,9031,4,,6
100496,9034,2,,8
100496,9047,3,,5
100496,9048,3,,6
100496,9061,4,,7
100496,9062,5,,3
100496,9071,5,,9
100496,9079,4,,10
100496,9089,4,,10
100496,9095,4,,3
100496,9105,5,,9
100496,9110,5,,4
100499,9050,5,,6
100499,9111,5,,1
100500,9001,2,,9
100500,9019,3,,9
100501,9001,5,,7
100501,9047,5,,2
100502,9001,4,,2
100502,9006,3,,5
100502,9018,3,,8
100502,9025,5,,2
100502,9032,5,,6
100502,9036,5,,1
100502,9050,5,,8
100502,9052,4,,4
100502,9062,3,,2
100502,9068,3,,2
100502,9078,4,,8
100502,9104,4,,9
100502,9112,4,,2
100503,9001,4,,10
100503,9050,4,,1
100505,9003,3,,10
100505,9007,3,,5
100505,9052,3,,6
100505,9111,3,,3
100506,9001,4,,5
100506,9002,3,,2
100506,9019,3,,3
100506,9032,3,,2
100507,9001,3,,7
100507,9003,2,,2
100507,9009,1,,1
100507,9018,4,,1
100507,9032,4,,9
100507,9036,5,,2
100507,9062,4,,5
100507,9095,3,,8
100507,9100,2,,2
100507,9112,4,,6
100508,9011,3,,4
100508,9021,5,,3
100508,9032,3,,10
100508,9034,5,,1
100508,9041,5,,4
100508,9047,5,,10
100508,9050,5,,10
100509,9001,3,,3
100509,9003,2,,8
100509,9006,3,,4
100509,9011,3,,1
100509,9014,3,,9
100509,9016,4,,3
100509,9017,4,,4
100509,9021,4,,8
100509,9025,4,,10
100509,9028,4,,7
100509,9030,3,,1
100509,9032,4,,2
100509,9034,3,,7
100509,9042,2,,10
100509,9047,4,,10
100509,9050,5,,2
100509,9052,4,,5
100509,9058,3,,7
100509,9062,3,,1
100509,9064,2,,8
100509,9068,4,,2
100509,9070,1,,7
100509,9072,3,,9
100509,9081,3,,1
100509,9104,2,,8
100509,9110,5,,4
100509,9111,5,,6
100510,9001,1,,6
100510,9017,4,,1
100510,9021,4,,9
100510,9025,1,,3
100510,9034,1,,5
100510,9036,4,,1
100510,9058,4,,10
100510,9084,4,,7
100510,9097,3,,2
100511,9011,4,,4
100511,9016,5,,2
100511,9021,5,,9
100511,9025,4,,9
100511,9031,4,,3
100511,9036,5,,3
100511,9050,5,,7
100511,9058,5,,1
100511,9094,4,,5
100511,9100,5,,7
100511,9111,5,,3
100513,9110,5,,2
100514,9001,4,,5
100514,9003,1,,1
100514,9005,1,,1
100514,9014,3,,3
100514,9017,3,,2
100514,9021,3,,5
100514,9024,1,,9
100514,9025,5,,5
100514,9029,5,,2
100514,9032,4,,4
100514,9034,4,,5
100514,9035,3,,1
100514,9036,4,,5
100514,9038,1,,6
100514,9039,3,,2
100514,9043,3,,4
100514,9044,3,,10
100514,9045,4,,8
100514,9047,4,,10
100514,9048,2,,4
100514,9050,5,,3
100514,9052,4,,5
100514,9057,3,,8
100514,9062,3,,6
100514,9069,3,,3
100514,9078,4,,1
100514,9083,3,,4
100514,9085,3,,9
100514,9092,4,,4
100514,9107,2,,4
100514,9110,3,,5
100514,9111,5,,7
100514,9112,3,,2
100515,9060,3,,5
100516,9003,3,,1
100516,9005,3,,1
100516,9006,4,,5
100516,9007,4,,4
100516,9009,3,,2
100516,9010,4,,6
100516,9012,3,,2
100516,9013,3,,3
100516,9019,3,,6
100516,9021,5,,4
100516,9022,5,,1
100516,9023,3,,8
100516,9025,5,,5
100516,9030,4,,5
100516,9031,4,,3
100516,9032,4,,10
100516,9034,3,,9
100516,9039,3,,8
100516,9044,3,,3
100516,9047,4,,3
100516,9064,3,,3
100516,9074,3,,6
100516,9079,3,,8
100516,9095,4,,6
100516,9110,4,,1
100516,9112,3,,6
100517,9002,5,,10
100517,9011,5,,2
100517,9017,5,,10
100517,9019,3,,2
100517,9039,4,,7
100517,9047,5,,4
100517,9095,4,,9
100517,9110,5,,9
100518,9001,5,,4
100518,9002,4,,5
100518,9004,1,,10
100518,9005,3,,10
100518,9007,3,,7
100518,9009,4,,6
100518,9011,5,,1
100518,9013,5,,10
100518,9017,5,,5
100518,9019,3,,2
100518,9021,1,,4
100518,9022,4,,10
100518,9024,3,,9
100518,9034,5,,7
100518,9039,4,,4
100518,9047,5,,6
100518,9048,1,,9
100518,9054,4,,9
100518,9064,2,,1
100518,9065,3,,8
100518,9074,3,,1
100518,9087,3,,1
100518,9088,3,,7
100518,9089,3,,2
100518,9095,4,,2
100518,9102,3,,2
100518,9104,4,,2
100519,9050,4,,5
100519,9104,4,,4
100519,9111,4,,8
100520,9001,3,,9
100520,9047,5,,7
100520,9048,2,,3
100520,9050,5,,1
100520,9111,5,,3
100522,9032,3,,7
100522,9047,4,,5
100522,9050,3,,2
100522,9110,4,,7
100523,9016,1,,8
100523,9048,4,,1
100523,9050,5,,9
100523,9110,5,,10
100524,9032,4,,8
100525,9001,2,,9
100525,9002,2,,3
100525,9006,4,,9
100525,9010,3,,10
100525,9021,4,,8
100525,9031,4,,3
100525,9032,3,,2
100525,9110,5,,10
100526,9001,4,,7
100527,9025,3,,5
100527,9034,1,,1
100527,9036,2,,7
100528,9050,4,,8
100529,9001,4,,9
100529,9024,3,,4
100529,9025,4,,1
100529,9028,4,,7
100529,9032,4,,2
100529,9034,5,,3
100529,9052,4,,4
100529,9055,4,,7
100529,9057,3,,3
100529,9058,4,,6
100529,9062,4,,8
100529,9068,2,,1
100529,9105,4,,6
100529,9111,4,,3
100530,9001,5,,4
100530,9014,4,,7
100530,9017,4,,6
100530,9036,5,,6
100530,9040,3,,3
100530,9048,4,,7
100530,9062,4,,1
100530,9095,5,,4
100531,9001,3,,8
100531,9002,4,,1
100531,9034,3,,4
100531,9048,3,,9
100533,9025,1,,9
100533,9032,4,,6
100533,9036,4,,10
100533,9079,2,,9
100533,9110,3,,8
100533,9111,3,,9
100534,9001,5,,9
100534,9002,4,,6
100534,9003,2,,6
100534,9006,5,,8
100534,9011,3,,6
100534,9016,4,,6
100534,9017,2,,10
100534,9021,2,,3
100534,9022,4,,7
100534,9023,4,,4
100534,9025,3,,8
100534,9032,4,,6
100534,9034,3,,1
100534,9036,4,,5
100534,9039,2,,6
100534,9042,2,,9
100534,9047,5,,1
100534,9050,2,,3
100534,9060,3,,8
100534,9061,4,,8
100534,9064,3,,8
100534,9069,3,,4
100534,9070,2,,4
100534,9079,3,,9
100534,9081,2,,7
100534,9086,5,,3
100534,9089,4,,4
100534,9095,4,,2
100534,9105,2,,2
100534,9107,4,,8
100534,9110,5,,5
100535,9002,3,,3
100535,9010,3,,10
100535,9011,3,,10
100535,9019,1,,1
100535,9021,3,,7
100535,9044,3,,7
100535,9047,3,,1
100535,9095,3,,8
100535,9104,3,,9
100535,9110,4,,10
100536,9019,2,,8
100536,9022,5,,10
100536,9023,4,,1
100536,9034,5,,10
100536,9039,5,,2
100536,9045,3,,5
100536,9047,4,,6
100536,9050,5,,6
100536,9057,5,,5
100536,9060,4,,4
100536,9110,5,,10
100537,9001,5,,8
100537,9002,3,,6
100537,9007,5,,4
100537,9011,3,,8
100537,9017,5,,10
100537,9021,5,,3
100537,9029,5,,1
100537,9032,4,,5
100537,9036,4,,5
100537,9041,5,,1
100537,9043,4,,5
100537,9050,5,,8
100537,9052,3,,2
100537,9057,2,,10
100537,9058,5,,7
100537,9062,4,,9
100537,9089,3,,3
100537,9095,2,,10
100537,9105,4,,2
100538,9001,5,,2
100538,9110,4,,1
100538,9111,5,,8
100539,9017,4,,2
100539,9046,3,,9
100539,9050,4,,1
100543,9001,5,,2
100543,9003,5,,10
100543,9005,3,,6
100543,9007,5,,5
100543,9107,5,,2
100544,9016,4,,6
100544,9025,5,,6
100544,9047,5,,6
100544,9110,4,,5
100545,9034,4,,8
100545,9036,5,,6
100545,9047,5,,9
100545,9110,1,,9
100545,9111,5,,5
100546,9032,5,,7
100547,9007,2,,7
100547,9011,3,,8
100547,9016,4,,1
100547,9017,5,,5
100547,9021,4,,4
100547,9032,4,,6
100547,9034,4,,4
100547,9036,4,,4
100547,9039,3,,4
100547,9045,4,,9
100547,9047,4,,1
100547,9050,4,,6
100547,9057,4,,6
100547,9085,3,,8
100547,9111,5,,3
100548,9001,4,,10
100548,9002,3,,3
100548,9003,4,,10
100548,9005,3,,7
100548,9006,3,,1
100548,9010,4,,7
100548,9011,3,,4
100548,9019,3,,5
100548,9021,3,,7
100548,9022,3,,9
100548,9023,3,,9
100548,9032,3,,2
100548,9036,3,,5
100548,9039,3,,9
100548,9044,3,,1
100548,9045,3,,4
100548,9047,3,,5
100548,9050,4,,10
100548,9052,4,,3
100548,9058,5,,1
100548,9062,3,,7
100548,9065,3,,4
100548,9069,4,,5
100548,9076,3,,6
100548,9088,3,,3
100548,9095,3,,10
100548,9105,4,,1
100548,9110,5,,8
100548,9112,3,,9
100549,9018,1,,7
100550,9010,4,,1
100550,9011,4,,1
100550,9016,5,,5
100550,9032,4,,4
100550,9034,4,,6
100550,9041,5,,1
100550,9047,3,,3
100550,9110,3,,1
100551,9007,4,,1
100551,9012,3,,9
100551,9045,3,,9
100551,9105,3,,7
100552,9010,3,,10
100552,9097,4,,1
100553,9001,4,,9
100553,9110,5,,6
100554,9017,5,,1
100555,9010,3,,9
100555,9017,3,,10
100555,9034,4,,4
100555,9041,3,,3
100555,9045,3,,6
100555,9050,4,,6
100555,9082,3,,8
100555,9095,1,,3
100555,9105,2,,4
100555,9110,3,,10
100555,9114,3,,6
100556,9050,3,,1
100557,9034,2,,1
100558,9111,5,,9
100559,9001,4,,1
100559,9003,3,,9
100559,9017,4,,9
100559,9034,4,,5
100559,9079,4,,7
100559,9095,4,,5
100559,9104,4,,7
100559,9110,5,,7
100560,9010,4,,7
100561,9001,3,,7
100561,9002,3,,2
100561,9048,3,,6
100561,9062,4,,1
100561,9104,4,,7
100562,9006,4,,7
100562,9011,4,,1
100562,9019,3,,7
100562,9021,4,,8
100562,9032,4,,5
100562,9034,4,,2
100562,9036,4,,9
100562,9050,5,,3
100562,9110,4,,10
100564,9001,4,,7
100564,9002,4,,8
100564,9003,3,,4
100564,9005,3,,4
100564,9006,1,,6
100564,9007,3,,2
100564,9010,3,,8
100564,9011,3,,3
100564,9012,1,,2
100564,9013,4,,6
100564,9015,1,,4
100564,9016,4,,1
100564,9017,3,,7
100564,9018,2,,4
100564,9019,3,,10
100564,9021,4,,6
100564,9022,5,,2
100564,9025,5,,2
100564,9030,5,,2
100564,9032,4,,8
100564,9034,3,,5
100564,9035,2,,1
100564,9036,5,,8
100564,9039,5,,2
100564,9041,3,,8
100564,9042,3,,10
100564,9043,4,,3
100564,9044,2,,2
100564,9045,5,,8
100564,9046,5,,10
100564,9047,4,,5
100564,9048,1,,10
100564,9049,5,,6
100564,9050,5,,1
100564,9052,5,,9
100564,9055,4,,6
100564,9057,4,,5
100564,9060,1,,3
100564,9061,3,,3
100564,9062,1,,7
100564,9066,1,,1
100564,9068,4,,5
100564,9070,2,,10
100564,9071,2,,8
100564,9073,2,,3
100564,9074,3,,2
100564,9076,4,,3
100564,9077,4,,1
100564,9078,4,,3
100564,9081,3,,6
100564,9085,4,,7
100564,9086,4,,2
100564,9087,1,,7
100564,9088,2,,1
100564,9089,3,,4
100564,9092,5,,7
100564,9093,2,,7
100564,9094,4,,8
100564,9095,3,,8
100564,9099,4,,3
100564,9102,4,,9
100564,9103,5,,2
100564,9104,2,,5
100564,9105,4,,8
100564,9107,4,,5
100564,9108,4,,7
100564,9110,1,,2
100564,9111,3,,4
100564,9112,3,,2
100564,9113,4,,7
100564,9116,5,,1
100567,9050,3,,1
100568,9001,3,,9
100568,9010,4,,4
100568,9047,5,,7
100569,9011,5,,1
100569,9039,4,,10
100569,9110,3,,6
100570,9036,4,,7
100570,9110,3,,7
100571,9018,5,,3
100572,9050,4,,1
100573,9036,5,,8
100573,9080,4,,1
100573,9105,2,,1
100574,9001,4,,10
100574,9006,5,,8
100574,9010,3,,7
100574,9019,3,,9
100574,9050,5,,3
100574,9070,4,,6
100574,9104,3,,4
100574,9111,5,,10
100575,9001,3,,7
100575,9002,4,,6
100575,9007,4,,1
100575,9011,3,,6
100575,9017,5,,8
100575,9028,5,,5
100575,9034,5,,4
100575,9036,3,,7
100575,9039,3,,7
100575,9048,2,,6
100575,9057,3,,8
100575,9062,3,,5
100575,9107,4,,2
100575,9112,4,,6
100577,9001,5,,9
100577,9006,4,,9
100577,9017,5,,6
100577,9022,3,,2
100577,9029,5,,9
100577,9034,5,,10
100577,9047,4,,6
100577,9111,5,,4
100578,9017,3,,6
100580,9001,4,,10
100580,9012,3,,1
100580,9021,3,,1
100580,9029,4,,9
100580,9039,4,,7
100580,9044,2,,10
100580,9047,4,,7
100580,9050,4,,1
100580,9060,3,,2
100580,9085,4,,4
100580,9101,4,,1
100580,9104,3,,4
100582,9034,3,,10
100582,9048,4,,4
100584,9001,5,,2
100584,9110,5,,7
100585,9001,4,,6
100585,9021,4,,5
100585,9034,4,,4
100585,9039,4,,9
100585,9045,4,,10
100585,9050,5,,9
100585,9110,4,,6
100586,9001,4,,10
100586,9110,1,,5
100587,9025,4,,1
100587,9045,4,,10
100587,9052,4,,10
100587,9111,4,,6
100588,9006,4,,1
100588,9010,3,,8
100588,9014,3,,4
100588,9019,2,,5
100588,9021,4,,7
100588,9025,4,,4
100588,9032,4,,8
100588,9047,5,,10
100588,9050,5,,7
100588,9062,3,,8
100588,9110,5,,10
100589,9010,4,,5
100589,9044,3,,3
100589,9047,5,,9
100589,9095,4,,7
100589,9110,3,,9
100590,9002,3,,1
100590,9005,3,,5
100590,9006,4,,6
100590,9010,3,,5
100590,9022,3,,9
100590,9025,5,,5
100590,9031,3,,10
100590,9032,3,,4
100590,9034,4,,10
100590,9047,4,,8
100590,9050,5,,8
100590,9110,5,,4
100591,9048,3,,1
100592,9010,4,,2
100592,9104,5,,4
100592,9110,4,,1
100593,9002,3,,9
100593,9010,2,,3
100593,9020,4,,8
100593,9025,5,,9
100593,9032,5,,2
100593,9047,4,,2
100593,9095,4,,8
100594,9001,4,,3
100594,9021,5,,4
100594,9110,5,,2
100595,9001,5,,10
100595,9002,2,,3
100595,9013,5,,8
100595,9017,4,,9
100595,9034,3,,8
100595,9048,4,,8
100595,9111,5,,7
100596,9006,4,,1
100596,9016,5,,4
100596,9025,4,,9
100596,9031,3,,6
100596,9032,5,,10
100596,9047,4,,5
100596,9069,4,,6
100596,9070,4,,2
100596,9092,3,,8
100596,9110,4,,6
100596,9111,5,,8
100597,9001,5,,3
100597,9011,4,,10
100597,9029,3,,5
100597,9032,4,,10
100597,9034,5,,9
100597,9039,5,,1
100598,9011,4,,7
100598,9015,2,,8
100598,9017,2,,2
100598,9039,3,,2
100598,9050,5,,6
100598,9069,4,,4
100598,9070,2,,4
100598,9088,4,,5
100598,9104,5,,10
100598,9110,4,,8
100599,9039,5,,10
100601,9031,3,,7
100602,9002,4,,3
100602,9010,3,,3
100602,9011,3,,4
100602,9021,2,,2
100602,9025,5,,10
100602,9029,5,,2
100602,9032,3,,2
100602,9034,4,,4
100602,9036,5,,2
100602,9045,4,,6
100602,9047,4,,3
100602,9050,5,,1
100602,9060,3,,6
100602,9085,5,,6
100602,9097,5,,1
100602,9107,4,,5
100602,9110,3,,7
100603,9001,4,,3
100603,9002,4,,1
100603,9003,2,,10
100603,9006,4,,3
100603,9032,5,,6
100603,9044,3,,3
100603,9060,3,,2
100603,9062,5,,8
100603,9088,3,,2
100603,9104,4,,5
100603,9110,5,,1
100605,9003,2,,3
100605,9011,3,,6
100605,9019,4,,5
100605,9021,2,,3
100605,9025,3,,7
100605,9034,5,,6
100605,9036,1,,6
100605,9039,4,,1
100605,9087,1,,8
100605,9095,3,,3
100605,9099,1,,2
100605,9104,4,,3
100605,9105,2,,9
100605,9110,3,,4
100607,9002,3,,2
100607,9018,4,,4
100607,9047,4,,7
100607,9069,4,,4
100607,9093,3,,10
100607,9095,2,,8
100607,9104,3,,8
100608,9001,4,,10
100608,9006,5,,9
100608,9010,3,,1
100608,9016,4,,8
100608,9017,3,,10
100608,9022,3,,8
100608,9025,4,,10
100608,9030,4,,1
100608,9032,4,,10
100608,9034,4,,8
100608,9036,4,,1
100608,9047,5,,7
100608,9050,5,,1
100608,9059,3,,5
100608,9070,3,,1
100608,9081,3,,5
100608,9095,3,,9
100608,9111,5,,4
100608,9112,3,,10
100609,9081,5,,6
100613,9050,5,,6
100614,9003,2,,7
100614,9008,1,,7
100614,9028,4,,1
100614,9048,3,,5
100614,9052,4,,2
100615,9001,4,,9
100615,9032,3,,9
100616,9001,4,,10
100616,9003,3,,7
100616,9006,3,,2
100616,9007,3,,9
100616,9017,3,,1
100616,9018,4,,1
100616,9025,4,,6
100616,9032,3,,6
100616,9036,4,,10
100616,9062,3,,10
100616,9079,3,,8
100617,9039,3,,6
100617,9070,1,,8
100618,9050,5,,10
100618,9111,5,,3
100619,9021,3,,9
100619,9031,3,,5
100619,9047,4,,1
100619,9050,5,,2
100619,9111,5,,7
100620,9050,4,,9
100623,9034,4,,3
100623,9110,4,,1
100624,9001,5,,2
100624,9002,3,,9
100624,9003,3,,1
100624,9005,3,,1
100624,9010,4,,2
100624,9012,2,,3
100624,9016,5,,2
100624,9019,2,,3
100624,9020,3,,7
100624,9021,2,,7
100624,9032,2,,2
100624,9038,3,,8
100624,9047,4,,7
100624,9050,4,,2
100624,9065,1,,1
100624,9066,2,,4
100624,9095,2,,6
100624,9104,3,,7
100624,9107,4,,4
100627,9006,4,,3
100627,9019,1,,7
100627,9036,4,,9
100627,9047,4,,10
100627,9050,4,,8
100627,9095,2,,10
100627,9110,4,,8
100628,9016,3,,4
100628,9029,4,,5
100629,9024,1,,5
100629,9034,2,,9
100629,9110,5,,5
100630,9001,4,,4
100631,9047,5,,6
100632,9065,3,,8
100632,9110,5,,1
100633,9006,3,,9
100633,9021,4,,5
100633,9036,3,,8
100633,9047,3,,9
100633,9062,3,,4
100635,9050,3,,4
100636,9001,3,,9
100636,9017,3,,2
100636,9018,3,,9
100636,9025,4,,7
100636,9029,4,,5
100636,9030,4,,5
100636,9032,4,,4
100636,9036,4,,3
100636,9052,2,,10
100636,9065,2,,7
100636,9068,4,,5
100636,9085,5,,2
100636,9088,3,,6
100636,9102,3,,5
100637,9032,5,,9
100637,9050,5,,6
100637,9060,3,,10
100639,9011,4,,5
100639,9024,3,,8
100639,9031,3,,9
100639,9039,4,,3
100639,9046,3,,8
100639,9047,3,,1
100639,9110,4,,6
100639,9111,5,,4
100640,9003,4,,6
100640,9005,3,,2
100640,9009,3,,5
100640,9012,3,,6
100640,9014,2,,6
100640,9017,4,,8
100640,9036,5,,9
100640,9052,2,,6
100640,9062,5,,3
100640,9074,4,,10
100640,9095,3,,4
100640,9099,1,,10
100640,9104,3,,4
100640,9107,3,,6
100640,9116,5,,5
100641,9001,4,,10
100641,9002,4,,1
100641,9003,3,,7
100641,9005,4,,1
100641,9006,4,,2
100641,9007,4,,9
100641,9010,3,,9
100641,9011,4,,4
100641,9019,3,,4
100641,9022,4,,4
100641,9027,4,,2
100641,9031,4,,4
100641,9032,4,,3
100641,9034,4,,10
100641,9036,4,,8
100641,9039,5,,5
100641,9046,4,,4
100641,9052,4,,9
100641,9061,4,,8
100641,9062,4,,1
100641,9064,3,,5
100641,9074,4,,7
100641,9079,3,,2
100641,9094,4,,6
100641,9095,3,,3
100641,9102,3,,7
100641,9113,3,,3
100641,9116,5,,6
100643,9050,5,,1
100644,9004,1,,10
100644,9024,3,,4
100646,9001,5,,9
100646,9003,5,,5
100646,9048,5,,6
100647,9001,4,,6
100647,9006,4,,8
100647,9016,4,,4
100647,9034,5,,2
100647,9047,5,,1
100647,9050,5,,1
100647,9070,3,,4
100647,9111,5,,2
100647,9112,4,,6
100648,9006,4,,1
100648,9047,3,,8
100648,9048,1,,4
100648,9070,2,,6
100648,9104,3,,6
100648,9111,3,,10
100649,9001,4,,10
100649,9004,3,,2
100649,9010,5,,5
100649,9019,3,,8
100649,9021,3,,1
100649,9032,4,,4
100649,9039,4,,7
100649,9044,4,,9
100649,9045,3,,7
100649,9050,4,,3
100649,9058,4,,2
100649,9112,3,,7
100650,9003,3,,6
100650,9004,1,,6
100650,9005,3,,3
100650,9010,4,,5
100650,9011,5,,4
100650,9015,2,,10
100650,9017,4,,4
100650,9032,3,,6
100650,9036,5,,1
100650,9042,1,,4
100650,9045,3,,6
100650,9062,5,,8
100650,9076,3,,10
100650,9079,3,,10
100650,9086,5,,8
100650,9089,4,,1
100650,9092,3,,10
100650,9095,4,,3
100650,9105,3,,6
100652,9022,4,,2
100652,9024,5,,10
100652,9071,4,,4
100652,9094,4,,3
100653,9001,4,,8
100653,9019,3,,5
100653,9034,4,,3
100653,9039,5,,2
100654,9001,5,,7
100654,9002,3,,5
100654,9005,4,,3
100654,9010,4,,4
100654,9015,2,,9
100654,9032,5,,10
100654,9048,2,,2
100654,9050,5,,1
100654,9094,4,,4
100654,9105,4,,1
100654,9107,4,,10
100654,9112,4,,2
100655,9002,4,,3
100655,9018,4,,2
100655,9032,4,,2
100655,9050,5,,4
100656,9024,4,,2
100658,9034,4,,6
100658,9058,5,,7
100658,9062,5,,8
100658,9110,4,,5
100658,9111,5,,7
100659,9006,3,,3
100659,9014,4,,1
100659,9016,5,,9
100659,9017,4,,4
100659,9018,1,,4
100659,9019,1,,6
100659,9022,4,,2
100659,9024,3,,1
100659,9025,5,,1
100659,9029,4,,8
100659,9032,4,,6
100659,9035,3,,5
100659,9036,4,,6
100659,9043,3,,7
100659,9045,3,,6
100659,9047,4,,1
100659,9050,4,,8
100659,9055,3,,5
100659,9062,3,,1
100659,9064,3,,3
100659,9078,2,,2
100659,9081,3,,10
100659,9085,3,,6
100659,9089,2,,2
100659,9092,4,,3
100659,9105,3,,6
100659,9110,3,,10
100659,9113,4,,8
100660,9032,4,,10
100662,9002,5,,8
100662,9010,3,,9
100662,9019,2,,3
100662,9034,4,,8
100662,9039,3,,8
100662,9047,3,,9
100663,9001,4,,8
100664,9006,4,,7
100664,9016,4,,3
100664,9022,3,,6
100664,9029,4,,2
100664,9032,5,,3
100664,9110,4,,8
100664,9111,4,,7
100665,9002,3,,1
100665,9003,3,,10
100665,9005,3,,6
100665,9016,4,,7
100665,9032,4,,9
100665,9034,2,,5
100665,9039,2,,9
100665,9048,4,,3
100665,9060,2,,9
100665,9062,3,,10
100665,9064,2,,8
100665,9074,2,,7
100665,9104,4,,8
100665,9105,1,,6
100666,9006,5,,2
100666,9010,3,,4
100666,9019,3,,6
100666,9039,2,,10
100666,9105,3,,3
100666,9110,2,,4
100667,9006,4,,4
100667,9011,3,,6
100667,9016,2,,5
100667,9017,2,,2
100667,9021,3,,8
100667,9025,2,,9
100667,9032,5,,10
100667,9036,4,,5
100667,9041,5,,6
100667,9058,4,,1
100667,9082,3,,8
100667,9095,3,,9
100667,9105,3,,2
100667,9110,4,,1
100670,9001,4,,8
100670,9025,5,,7
100670,9032,3,,8
100670,9034,4,,7
100670,9036,4,,4
100670,9047,5,,1
100670,9050,5,,1
100670,9110,3,,9
100671,9001,5,,3
100671,9036,4,,5
